Merged_sample_name,Sample_name,Read1_file,Input,Filtered,Denoised,Merged,Tabled,Nonchim
1-PL1-A1-2_S1,1-PL1-A1-2_S1,1-PL1-A1-2_S1_L001_R1_001_noPrimers.fastq.gz,52130,42726,41581,39729,38710,38401
10-PL1-B2-17_S10,10-PL1-B2-17_S10,10-PL1-B2-17_S10_L001_R1_001_noPrimers.fastq.gz,29102,25665,25346,24884,21338,21207
100-PL2-D1-148_S100,100-PL2-D1-148_S100,100-PL2-D1-148_S100_L001_R1_001_noPrimers.fastq.gz,16750,14445,14194,13614,13544,13510
101-PL2-E1-162_S101,101-PL2-E1-162_S101,101-PL2-E1-162_S101_L001_R1_001_noPrimers.fastq.gz,14919,12673,12173,11141,11135,11107
102-PL2-F1-174_S102,102-PL2-F1-174_S102,102-PL2-F1-174_S102_L001_R1_001_noPrimers.fastq.gz,68360,56013,54468,52045,50660,50203
103-PL2-G1-186_S103,103-PL2-G1-186_S103,103-PL2-G1-186_S103_L001_R1_001_noPrimers.fastq.gz,60000,49753,48016,45098,44604,44363
104-PL2-H1-198_S104,104-PL2-H1-198_S104,104-PL2-H1-198_S104_L001_R1_001_noPrimers.fastq.gz,55234,46354,45365,43344,42541,42117
105-PL2-A2-113_S105,105-PL2-A2-113_S105,105-PL2-A2-113_S105_L001_R1_001_noPrimers.fastq.gz,38629,33164,32400,31316,30307,30194
106-PL2-B2-125_S106,106-PL2-B2-125_S106,106-PL2-B2-125_S106_L001_R1_001_noPrimers.fastq.gz,32367,27440,26881,25975,25934,25879
107-PL2-C2-137_S107,107-PL2-C2-137_S107,107-PL2-C2-137_S107_L001_R1_001_noPrimers.fastq.gz,45441,40790,40629,40201,23865,23504
108-PL2-D2-149_S108,108-PL2-D2-149_S108,108-PL2-D2-149_S108_L001_R1_001_noPrimers.fastq.gz,23137,19739,19294,18139,17656,17616
109-PL2-E2-163_S109,109-PL2-E2-163_S109,109-PL2-E2-163_S109_L001_R1_001_noPrimers.fastq.gz,25565,22048,21372,20173,19784,19690
11-PL1-C2-36_S11,11-PL1-C2-36_S11,11-PL1-C2-36_S11_L001_R1_001_noPrimers.fastq.gz,28915,24182,23089,20576,20520,20447
110-PL2-F2-175_S110,110-PL2-F2-175_S110,110-PL2-F2-175_S110_L001_R1_001_noPrimers.fastq.gz,68186,57345,54379,50891,50483,49532
111-PL2-G2-187_S111,111-PL2-G2-187_S111,111-PL2-G2-187_S111_L001_R1_001_noPrimers.fastq.gz,43026,35789,34356,31825,31755,31548
112-PL2-H2-199_S112,112-PL2-H2-199_S112,112-PL2-H2-199_S112_L001_R1_001_noPrimers.fastq.gz,33960,25352,24788,23501,23477,23391
113-PL2-A3-114_S113,113-PL2-A3-114_S113,113-PL2-A3-114_S113_L001_R1_001_noPrimers.fastq.gz,53096,44265,43616,41750,33352,33158
114-PL2-B3-126_S114,114-PL2-B3-126_S114,114-PL2-B3-126_S114_L001_R1_001_noPrimers.fastq.gz,32916,27438,26949,25660,25369,25178
115-PL2-C3-138_S115,115-PL2-C3-138_S115,115-PL2-C3-138_S115_L001_R1_001_noPrimers.fastq.gz,26238,22994,22685,21904,18895,18546
116-PL2-D3-152_S116,116-PL2-D3-152_S116,116-PL2-D3-152_S116_L001_R1_001_noPrimers.fastq.gz,59648,50211,48874,46318,44468,44058
117-PL2-E3-164_S117,117-PL2-E3-164_S117,117-PL2-E3-164_S117_L001_R1_001_noPrimers.fastq.gz,57673,49276,48594,47387,47263,46772
118-PL2-F3-176_S118,118-PL2-F3-176_S118,118-PL2-F3-176_S118_L001_R1_001_noPrimers.fastq.gz,46268,37091,36451,34577,34447,34079
119-PL2-G3-188_S119,119-PL2-G3-188_S119,119-PL2-G3-188_S119_L001_R1_001_noPrimers.fastq.gz,58201,49790,47933,44816,42093,41815
12-PL1-D2-51_S12,12-PL1-D2-51_S12,12-PL1-D2-51_S12_L001_R1_001_noPrimers.fastq.gz,2347,1966,1842,1615,1600,1597
120-PL2-H3-200_S120,120-PL2-H3-200_S120,120-PL2-H3-200_S120_L001_R1_001_noPrimers.fastq.gz,45810,36911,36207,34116,33669,33069
121-PL2-A4-115_S121,121-PL2-A4-115_S121,121-PL2-A4-115_S121_L001_R1_001_noPrimers.fastq.gz,44698,39126,38814,37789,24956,24694
122-PL2-B4-127_S122,122-PL2-B4-127_S122,122-PL2-B4-127_S122_L001_R1_001_noPrimers.fastq.gz,13343,11456,11198,10816,10756,10694
123-PL2-C4-139_S123,123-PL2-C4-139_S123,123-PL2-C4-139_S123_L001_R1_001_noPrimers.fastq.gz,60803,53605,53019,51750,38439,37898
124-PL2-D4-153_S124,124-PL2-D4-153_S124,124-PL2-D4-153_S124_L001_R1_001_noPrimers.fastq.gz,56698,48341,46568,43559,43461,43141
125-PL2-E4-165_S125,125-PL2-E4-165_S125,125-PL2-E4-165_S125_L001_R1_001_noPrimers.fastq.gz,23105,19993,19680,19173,19160,19119
126-PL2-F4-EMPTY_S126,126-PL2-F4-EMPTY_S126,126-PL2-F4-EMPTY_S126_L001_R1_001_noPrimers.fastq.gz,276,44,27,19,17,17
127-PL2-G4-189_S127,127-PL2-G4-189_S127,127-PL2-G4-189_S127_L001_R1_001_noPrimers.fastq.gz,28556,24764,23975,22790,22408,22328
128-PL2-H4-201_S128,128-PL2-H4-201_S128,128-PL2-H4-201_S128_L001_R1_001_noPrimers.fastq.gz,40900,33336,32823,31926,19533,19245
129-PL2-A5-116_S129,129-PL2-A5-116_S129,129-PL2-A5-116_S129_L001_R1_001_noPrimers.fastq.gz,25993,22131,21695,20824,20008,19942
13-PL1-E2-63_S13,13-PL1-E2-63_S13,13-PL1-E2-63_S13_L001_R1_001_noPrimers.fastq.gz,35628,29665,28977,27519,27299,26788
130-PL2-B5-128_S130,130-PL2-B5-128_S130,130-PL2-B5-128_S130_L001_R1_001_noPrimers.fastq.gz,9497,8026,7808,7312,7293,7289
131-PL2-C5-140_S131,131-PL2-C5-140_S131,131-PL2-C5-140_S131_L001_R1_001_noPrimers.fastq.gz,50908,43241,41735,39021,38876,38690
132-PL2-D5-154_S132,132-PL2-D5-154_S132,132-PL2-D5-154_S132_L001_R1_001_noPrimers.fastq.gz,42998,36140,35445,33712,33556,33249
133-PL2-E5-166_S133,133-PL2-E5-166_S133,133-PL2-E5-166_S133_L001_R1_001_noPrimers.fastq.gz,22986,20140,20108,19829,6952,6940
134-PL2-F5-178_S134,134-PL2-F5-178_S134,134-PL2-F5-178_S134_L001_R1_001_noPrimers.fastq.gz,39870,34975,34786,34029,22475,22215
135-PL2-G5-190_S135,135-PL2-G5-190_S135,135-PL2-G5-190_S135_L001_R1_001_noPrimers.fastq.gz,26619,22687,22071,20833,20695,20646
136-PL2-H5-202_S136,136-PL2-H5-202_S136,136-PL2-H5-202_S136_L001_R1_001_noPrimers.fastq.gz,25483,21399,21141,20522,20468,20428
137-PL2-A6-117_S137,137-PL2-A6-117_S137,137-PL2-A6-117_S137_L001_R1_001_noPrimers.fastq.gz,26980,22815,22477,21739,21530,21414
138-PL2-B6-129_S138,138-PL2-B6-129_S138,138-PL2-B6-129_S138_L001_R1_001_noPrimers.fastq.gz,69992,58458,57059,53938,53759,52959
139-PL2-C6-141_S139,139-PL2-C6-141_S139,139-PL2-C6-141_S139_L001_R1_001_noPrimers.fastq.gz,86617,72731,70468,66268,66133,65510
14-PL1-F2-75_S14,14-PL1-F2-75_S14,14-PL1-F2-75_S14_L001_R1_001_noPrimers.fastq.gz,39253,32098,31459,29930,29771,28641
140-PL2-D6-155_S140,140-PL2-D6-155_S140,140-PL2-D6-155_S140_L001_R1_001_noPrimers.fastq.gz,39838,33558,32797,31572,31408,31310
141-PL2-E6-167_S141,141-PL2-E6-167_S141,141-PL2-E6-167_S141_L001_R1_001_noPrimers.fastq.gz,36978,29198,28999,27842,27827,27378
142-PL2-F6-179_S142,142-PL2-F6-179_S142,142-PL2-F6-179_S142_L001_R1_001_noPrimers.fastq.gz,63402,51148,49962,47797,47182,46836
143-PL2-G6-191_S143,143-PL2-G6-191_S143,143-PL2-G6-191_S143_L001_R1_001_noPrimers.fastq.gz,38090,32911,32018,30370,29881,29792
144-PL2-H6-203_S144,144-PL2-H6-203_S144,144-PL2-H6-203_S144_L001_R1_001_noPrimers.fastq.gz,85820,71380,67900,63864,60896,60137
145-PL2-A7-118_S145,145-PL2-A7-118_S145,145-PL2-A7-118_S145_L001_R1_001_noPrimers.fastq.gz,20982,17685,17417,16964,16808,16785
146-PL2-B7-130_S146,146-PL2-B7-130_S146,146-PL2-B7-130_S146_L001_R1_001_noPrimers.fastq.gz,27734,23016,22339,20794,20557,20480
147-PL2-C7-142_S147,147-PL2-C7-142_S147,147-PL2-C7-142_S147_L001_R1_001_noPrimers.fastq.gz,41721,36310,35320,34046,33328,33212
148-PL2-D7-156_S148,148-PL2-D7-156_S148,148-PL2-D7-156_S148_L001_R1_001_noPrimers.fastq.gz,23425,18459,18395,17733,17724,17567
149-PL2-E7-168_S149,149-PL2-E7-168_S149,149-PL2-E7-168_S149_L001_R1_001_noPrimers.fastq.gz,37186,31508,30856,29929,29708,29410
15-PL1-G2-89_S15,15-PL1-G2-89_S15,15-PL1-G2-89_S15_L001_R1_001_noPrimers.fastq.gz,21265,18364,17917,17126,17015,16956
150-PL2-F7-180_S150,150-PL2-F7-180_S150,150-PL2-F7-180_S150_L001_R1_001_noPrimers.fastq.gz,64902,54152,51491,47072,46862,46285
151-PL2-G7-192_S151,151-PL2-G7-192_S151,151-PL2-G7-192_S151_L001_R1_001_noPrimers.fastq.gz,39947,33941,32800,30702,29513,29289
152-PL2-H7-204_S152,152-PL2-H7-204_S152,152-PL2-H7-204_S152_L001_R1_001_noPrimers.fastq.gz,45557,39902,39498,38533,24109,23502
153-PL2-A8-119_S153,153-PL2-A8-119_S153,153-PL2-A8-119_S153_L001_R1_001_noPrimers.fastq.gz,60209,50124,49312,47312,38624,37774
154-PL2-B8-131_S154,154-PL2-B8-131_S154,154-PL2-B8-131_S154_L001_R1_001_noPrimers.fastq.gz,107,29,16,14,12,12
155-PL2-C8-143_S155,155-PL2-C8-143_S155,155-PL2-C8-143_S155_L001_R1_001_noPrimers.fastq.gz,31543,27090,26333,24862,24186,24114
156-PL2-D8-157_S156,156-PL2-D8-157_S156,156-PL2-D8-157_S156_L001_R1_001_noPrimers.fastq.gz,49489,43421,42799,41724,35268,34843
157-PL2-E8-169_S157,157-PL2-E8-169_S157,157-PL2-E8-169_S157_L001_R1_001_noPrimers.fastq.gz,44630,37131,36325,35106,34907,34694
158-PL2-F8-181_S158,158-PL2-F8-181_S158,158-PL2-F8-181_S158_L001_R1_001_noPrimers.fastq.gz,19021,15029,14910,14372,14371,14331
159-PL2-G8-193_S159,159-PL2-G8-193_S159,159-PL2-G8-193_S159_L001_R1_001_noPrimers.fastq.gz,34577,31046,30755,30164,22487,22324
16-PL1-H2-101_S16,16-PL1-H2-101_S16,16-PL1-H2-101_S16_L001_R1_001_noPrimers.fastq.gz,3158,2670,2591,2381,2337,2334
160-PL2-H8-205_S160,160-PL2-H8-205_S160,160-PL2-H8-205_S160_L001_R1_001_noPrimers.fastq.gz,114,26,14,6,5,5
161-PL2-A9-120_S161,161-PL2-A9-120_S161,161-PL2-A9-120_S161_L001_R1_001_noPrimers.fastq.gz,36210,31668,31452,30913,27060,26833
162-PL2-B9-132_S162,162-PL2-B9-132_S162,162-PL2-B9-132_S162_L001_R1_001_noPrimers.fastq.gz,47971,39825,38929,36808,36187,35483
163-PL2-C9-144_S163,163-PL2-C9-144_S163,163-PL2-C9-144_S163_L001_R1_001_noPrimers.fastq.gz,46659,40238,38984,36719,36228,36064
164-PL2-D9-158_S164,164-PL2-D9-158_S164,164-PL2-D9-158_S164_L001_R1_001_noPrimers.fastq.gz,59427,48662,46913,44013,43703,43475
165-PL2-E9-170_S165,165-PL2-E9-170_S165,165-PL2-E9-170_S165_L001_R1_001_noPrimers.fastq.gz,34852,27349,27041,25709,25597,25166
166-PL2-F9-182_S166,166-PL2-F9-182_S166,166-PL2-F9-182_S166_L001_R1_001_noPrimers.fastq.gz,62253,51339,49986,47414,46604,46179
167-PL2-G9-194_S167,167-PL2-G9-194_S167,167-PL2-G9-194_S167_L001_R1_001_noPrimers.fastq.gz,21048,17916,17459,16396,16280,16256
168-PL2-H9-206_S168,168-PL2-H9-206_S168,168-PL2-H9-206_S168_L001_R1_001_noPrimers.fastq.gz,38081,32480,31405,29676,29478,29422
169-PL2-A10-121_S169,169-PL2-A10-121_S169,169-PL2-A10-121_S169_L001_R1_001_noPrimers.fastq.gz,43112,37654,37115,36199,35225,35047
17-PL1-A3-4_S17,17-PL1-A3-4_S17,17-PL1-A3-4_S17_L001_R1_001_noPrimers.fastq.gz,45465,37927,36540,34188,34129,33876
170-PL2-B10-133_S170,170-PL2-B10-133_S170,170-PL2-B10-133_S170_L001_R1_001_noPrimers.fastq.gz,13172,11392,11180,10580,10466,10447
171-PL2-C10-145_S171,171-PL2-C10-145_S171,171-PL2-C10-145_S171_L001_R1_001_noPrimers.fastq.gz,46508,41692,41352,40706,30982,30668
172-PL2-D10-159_S172,172-PL2-D10-159_S172,172-PL2-D10-159_S172_L001_R1_001_noPrimers.fastq.gz,48655,41262,39688,37297,37106,36823
173-PL2-E10-171_S173,173-PL2-E10-171_S173,173-PL2-E10-171_S173_L001_R1_001_noPrimers.fastq.gz,22375,17881,17630,16785,16649,16486
174-PL2-F10-183_S174,174-PL2-F10-183_S174,174-PL2-F10-183_S174_L001_R1_001_noPrimers.fastq.gz,41427,34876,33952,32457,30023,29913
175-PL2-G10-195_S175,175-PL2-G10-195_S175,175-PL2-G10-195_S175_L001_R1_001_noPrimers.fastq.gz,23832,20607,20267,19447,19137,19013
176-PL2-H10-207_S176,176-PL2-H10-207_S176,176-PL2-H10-207_S176_L001_R1_001_noPrimers.fastq.gz,28368,23795,22901,21458,21287,21240
177-PL2-A11-122_S177,177-PL2-A11-122_S177,177-PL2-A11-122_S177_L001_R1_001_noPrimers.fastq.gz,5328,4565,4457,4300,4123,4112
178-PL2-B11-134_S178,178-PL2-B11-134_S178,178-PL2-B11-134_S178_L001_R1_001_noPrimers.fastq.gz,9151,7763,7572,7178,7105,7099
179-PL2-C11-146_S179,179-PL2-C11-146_S179,179-PL2-C11-146_S179_L001_R1_001_noPrimers.fastq.gz,66712,56399,55062,52024,51821,51216
18-PL1-B3-18_S18,18-PL1-B3-18_S18,18-PL1-B3-18_S18_L001_R1_001_noPrimers.fastq.gz,28048,24634,24465,23797,16950,16794
180-PL2-D11-160_S180,180-PL2-D11-160_S180,180-PL2-D11-160_S180_L001_R1_001_noPrimers.fastq.gz,39953,30773,30005,28581,28494,27979
181-PL2-E11-172_S181,181-PL2-E11-172_S181,181-PL2-E11-172_S181_L001_R1_001_noPrimers.fastq.gz,29443,24787,24314,23358,23210,23115
182-PL2-F11-184_S182,182-PL2-F11-184_S182,182-PL2-F11-184_S182_L001_R1_001_noPrimers.fastq.gz,40984,33936,33237,31781,31716,31540
183-PL2-G11-196_S183,183-PL2-G11-196_S183,183-PL2-G11-196_S183_L001_R1_001_noPrimers.fastq.gz,32871,27873,27423,26751,26719,26589
184-PL2-H11-208_S184,184-PL2-H11-208_S184,184-PL2-H11-208_S184_L001_R1_001_noPrimers.fastq.gz,60575,51032,49447,47005,46623,46358
185-PL2-A12-123_S185,185-PL2-A12-123_S185,185-PL2-A12-123_S185_L001_R1_001_noPrimers.fastq.gz,55628,47108,46311,43549,42696,42534
186-PL2-B12-135_S186,186-PL2-B12-135_S186,186-PL2-B12-135_S186_L001_R1_001_noPrimers.fastq.gz,61255,51733,50387,47643,47307,46899
187-PL2-C12-147_S187,187-PL2-C12-147_S187,187-PL2-C12-147_S187_L001_R1_001_noPrimers.fastq.gz,100645,83298,80455,75252,74697,74068
188-PL2-D12-161_S188,188-PL2-D12-161_S188,188-PL2-D12-161_S188_L001_R1_001_noPrimers.fastq.gz,80618,68574,66934,64369,64044,63041
189-PL2-E12-173_S189,189-PL2-E12-173_S189,189-PL2-E12-173_S189_L001_R1_001_noPrimers.fastq.gz,36859,31394,31070,30197,30135,29910
19-PL1-C3-37_S19,19-PL1-C3-37_S19,19-PL1-C3-37_S19_L001_R1_001_noPrimers.fastq.gz,49420,41480,39824,36172,36127,35941
190-PL2-F12-185_S190,190-PL2-F12-185_S190,190-PL2-F12-185_S190_L001_R1_001_noPrimers.fastq.gz,60171,53099,52615,51535,37714,37227
191-PL2-G12-197_S191,191-PL2-G12-197_S191,191-PL2-G12-197_S191_L001_R1_001_noPrimers.fastq.gz,58660,48668,47549,44803,44467,43849
192-PL2-H12-209_S192,192-PL2-H12-209_S192,192-PL2-H12-209_S192_L001_R1_001_noPrimers.fastq.gz,54838,48115,47616,46261,29134,28316
193-PL3-A1-210_S193,193-PL3-A1-210_S193,193-PL3-A1-210_S193_L001_R1_001_noPrimers.fastq.gz,55529,47768,46274,44290,43459,42970
194-PL3-B1-222_S194,194-PL3-B1-222_S194,194-PL3-B1-222_S194_L001_R1_001_noPrimers.fastq.gz,30357,25702,24846,23126,22867,22776
195-PL3-C1-234_S195,195-PL3-C1-234_S195,195-PL3-C1-234_S195_L001_R1_001_noPrimers.fastq.gz,35169,29495,28732,26758,26524,26155
196-PL3-A2-211_S196,196-PL3-A2-211_S196,196-PL3-A2-211_S196_L001_R1_001_noPrimers.fastq.gz,32702,27867,26899,25108,24003,23738
197-PL3-B2-223_S197,197-PL3-B2-223_S197,197-PL3-B2-223_S197_L001_R1_001_noPrimers.fastq.gz,47468,39128,37733,35568,35035,34510
198-PL3-C2-235_S198,198-PL3-C2-235_S198,198-PL3-C2-235_S198_L001_R1_001_noPrimers.fastq.gz,12263,10489,10156,9358,9342,9339
199-PL3-A3-212_S199,199-PL3-A3-212_S199,199-PL3-A3-212_S199_L001_R1_001_noPrimers.fastq.gz,48349,40646,39743,37541,37423,36825
2-PL1-B1-16_S2,2-PL1-B1-16_S2,2-PL1-B1-16_S2_L001_R1_001_noPrimers.fastq.gz,36417,30959,30099,28392,27889,27754
20-PL1-D3-52_S20,20-PL1-D3-52_S20,20-PL1-D3-52_S20_L001_R1_001_noPrimers.fastq.gz,2527,2057,1935,1651,1640,1638
200-PL3-B3-224_S200,200-PL3-B3-224_S200,200-PL3-B3-224_S200_L001_R1_001_noPrimers.fastq.gz,55506,46363,45042,42439,42113,41303
201-PL3-C3-236_S201,201-PL3-C3-236_S201,201-PL3-C3-236_S201_L001_R1_001_noPrimers.fastq.gz,34792,29285,28477,26627,26352,26113
202-PL3-A4-213_S202,202-PL3-A4-213_S202,202-PL3-A4-213_S202_L001_R1_001_noPrimers.fastq.gz,43871,37815,36923,35087,33762,33282
203-PL3-B4-225_S203,203-PL3-B4-225_S203,203-PL3-B4-225_S203_L001_R1_001_noPrimers.fastq.gz,37801,32679,31686,30080,28282,28024
204-PL3-C4-237_S204,204-PL3-C4-237_S204,204-PL3-C4-237_S204_L001_R1_001_noPrimers.fastq.gz,32756,27569,26879,25272,24576,24229
205-PL3-A5-214_S205,205-PL3-A5-214_S205,205-PL3-A5-214_S205_L001_R1_001_noPrimers.fastq.gz,36083,32368,32272,32056,24165,23985
206-PL3-B5-226_S206,206-PL3-B5-226_S206,206-PL3-B5-226_S206_L001_R1_001_noPrimers.fastq.gz,29288,25938,25762,25262,13511,13358
207-PL3-C5-238_S207,207-PL3-C5-238_S207,207-PL3-C5-238_S207_L001_R1_001_noPrimers.fastq.gz,22669,19366,18888,18045,17870,17817
208-PL3-A6-215_S208,208-PL3-A6-215_S208,208-PL3-A6-215_S208_L001_R1_001_noPrimers.fastq.gz,55656,49474,49219,47771,25704,25119
209-PL3-B6-227_S209,209-PL3-B6-227_S209,209-PL3-B6-227_S209_L001_R1_001_noPrimers.fastq.gz,50443,42271,40737,38162,38066,37854
21-PL1-E3-64_S21,21-PL1-E3-64_S21,21-PL1-E3-64_S21_L001_R1_001_noPrimers.fastq.gz,36579,29285,28871,27273,27128,26550
210-PL3-A7-216_S211,210-PL3-A7-216_S211,210-PL3-A7-216_S211_L001_R1_001_noPrimers.fastq.gz,39379,33449,32675,31528,31069,30915
211-PL3-B7-228_S212,211-PL3-B7-228_S212,211-PL3-B7-228_S212_L001_R1_001_noPrimers.fastq.gz,29438,24538,23861,22712,22580,22473
212-PL3-A8-217_S214,212-PL3-A8-217_S214,212-PL3-A8-217_S214_L001_R1_001_noPrimers.fastq.gz,42901,35782,34989,33131,32998,32323
213-PL3-B8-229_S215,213-PL3-B8-229_S215,213-PL3-B8-229_S215_L001_R1_001_noPrimers.fastq.gz,39281,32366,31592,29308,28807,28276
214-PL3-A9-218_S219,214-PL3-A9-218_S219,214-PL3-A9-218_S219_L001_R1_001_noPrimers.fastq.gz,34,13,7,1,1,1
215-PL3-B9-230_S220,215-PL3-B9-230_S220,215-PL3-B9-230_S220_L001_R1_001_noPrimers.fastq.gz,44612,38230,37118,35343,35131,34622
216-PL3-A10-219_S217,216-PL3-A10-219_S217,216-PL3-A10-219_S217_L001_R1_001_noPrimers.fastq.gz,60965,50447,49526,47641,47200,45943
217-PL3-B10-231_S218,217-PL3-B10-231_S218,217-PL3-B10-231_S218_L001_R1_001_noPrimers.fastq.gz,25707,22091,21343,20102,19927,19872
218-PL3-A11-220_S221,218-PL3-A11-220_S221,218-PL3-A11-220_S221_L001_R1_001_noPrimers.fastq.gz,39406,34135,33460,32126,30194,30033
219-PL3-B11-232_S222,219-PL3-B11-232_S222,219-PL3-B11-232_S222_L001_R1_001_noPrimers.fastq.gz,43483,37779,37117,35751,29436,29186
22-PL1-F3-76_S22,22-PL1-F3-76_S22,22-PL1-F3-76_S22_L001_R1_001_noPrimers.fastq.gz,40607,33838,32968,31292,31018,30910
220-PL3-A12-221_S223,220-PL3-A12-221_S223,220-PL3-A12-221_S223_L001_R1_001_noPrimers.fastq.gz,51636,46400,46103,45087,26779,26166
221-PL3-B12-233_S224,221-PL3-B12-233_S224,221-PL3-B12-233_S224_L001_R1_001_noPrimers.fastq.gz,128,23,14,10,10,10
23-PL1-G3-90_S23,23-PL1-G3-90_S23,23-PL1-G3-90_S23_L001_R1_001_noPrimers.fastq.gz,1471,1180,1145,1111,1111,1111
24-PL1-H3-102_S24,24-PL1-H3-102_S24,24-PL1-H3-102_S24_L001_R1_001_noPrimers.fastq.gz,34041,28986,28227,26824,26751,26626
25-PL1-A4-5_S25,25-PL1-A4-5_S25,25-PL1-A4-5_S25_L001_R1_001_noPrimers.fastq.gz,41474,34688,33511,31586,30117,29927
26-PL1-B4-19_S26,26-PL1-B4-19_S26,26-PL1-B4-19_S26_L001_R1_001_noPrimers.fastq.gz,15955,14109,13947,13718,13274,13215
27-PL1-C4-40_S27,27-PL1-C4-40_S27,27-PL1-C4-40_S27_L001_R1_001_noPrimers.fastq.gz,9342,7126,6803,5822,5818,5809
28-PL1-D4-53_S28,28-PL1-D4-53_S28,28-PL1-D4-53_S28_L001_R1_001_noPrimers.fastq.gz,36603,30703,29525,27317,27086,26926
29-PL1-E4-65_S29,29-PL1-E4-65_S29,29-PL1-E4-65_S29_L001_R1_001_noPrimers.fastq.gz,15272,6198,5878,4731,4698,4698
3-PL1-C1-35_S3,3-PL1-C1-35_S3,3-PL1-C1-35_S3_L001_R1_001_noPrimers.fastq.gz,40753,34266,32974,30102,29998,29923
30-PL1-F4-77_S30,30-PL1-F4-77_S30,30-PL1-F4-77_S30_L001_R1_001_noPrimers.fastq.gz,39982,34998,34253,32983,32447,31629
31-PL1-G4-91_S31,31-PL1-G4-91_S31,31-PL1-G4-91_S31_L001_R1_001_noPrimers.fastq.gz,26290,22448,22022,21261,21166,21068
32-PL1-H4-103_S32,32-PL1-H4-103_S32,32-PL1-H4-103_S32_L001_R1_001_noPrimers.fastq.gz,24675,21088,20478,19080,19044,18950
33-PL1-A5-7_S33,33-PL1-A5-7_S33,33-PL1-A5-7_S33_L001_R1_001_noPrimers.fastq.gz,47031,40857,39895,38071,36961,36647
34-PL1-B5-20_S34,34-PL1-B5-20_S34,34-PL1-B5-20_S34_L001_R1_001_noPrimers.fastq.gz,34256,29640,28473,26029,25971,25885
35-PL1-C5-41_S35,35-PL1-C5-41_S35,35-PL1-C5-41_S35_L001_R1_001_noPrimers.fastq.gz,36148,30442,29258,26582,26564,26465
36-PL1-D5-54_S36,36-PL1-D5-54_S36,36-PL1-D5-54_S36_L001_R1_001_noPrimers.fastq.gz,44872,38614,37340,34962,34927,34743
37-PL1-E5-66_S37,37-PL1-E5-66_S37,37-PL1-E5-66_S37_L001_R1_001_noPrimers.fastq.gz,38356,32089,31186,29314,29214,29061
38-PL1-F5-78_S38,38-PL1-F5-78_S38,38-PL1-F5-78_S38_L001_R1_001_noPrimers.fastq.gz,50815,43339,42442,40321,40280,39621
39-PL1-G5-92_S39,39-PL1-G5-92_S39,39-PL1-G5-92_S39_L001_R1_001_noPrimers.fastq.gz,32946,27310,26735,25399,24726,24591
4-PL1-D1-50_S4,4-PL1-D1-50_S4,4-PL1-D1-50_S4_L001_R1_001_noPrimers.fastq.gz,6564,5568,5323,4678,4624,4621
40-PL1-H5-104_S40,40-PL1-H5-104_S40,40-PL1-H5-104_S40_L001_R1_001_noPrimers.fastq.gz,30028,24984,24480,23244,23220,23092
41-PL1-A6-8_S41,41-PL1-A6-8_S41,41-PL1-A6-8_S41_L001_R1_001_noPrimers.fastq.gz,57775,49558,48319,46215,45965,45303
42-PL1-B6-21_S42,42-PL1-B6-21_S42,42-PL1-B6-21_S42_L001_R1_001_noPrimers.fastq.gz,39131,33805,32567,29861,29823,29708
43-PL1-C6-42_S43,43-PL1-C6-42_S43,43-PL1-C6-42_S43_L001_R1_001_noPrimers.fastq.gz,47865,41256,39575,36587,36586,36414
44-PL1-D6-55_S44,44-PL1-D6-55_S44,44-PL1-D6-55_S44_L001_R1_001_noPrimers.fastq.gz,54321,45588,43754,40852,40554,40269
45-PL1-E6-67_S45,45-PL1-E6-67_S45,45-PL1-E6-67_S45_L001_R1_001_noPrimers.fastq.gz,40753,35861,35415,34406,27098,26904
46-PL1-F6-80_S46,46-PL1-F6-80_S46,46-PL1-F6-80_S46_L001_R1_001_noPrimers.fastq.gz,44132,38596,38204,37523,29269,29138
47-PL1-G6-93_S47,47-PL1-G6-93_S47,47-PL1-G6-93_S47_L001_R1_001_noPrimers.fastq.gz,50325,42889,41781,39932,33993,33759
48-PL1-H6-105_S48,48-PL1-H6-105_S48,48-PL1-H6-105_S48_L001_R1_001_noPrimers.fastq.gz,29090,25094,24704,23817,23762,23589
49-PL1-A7-9_S49,49-PL1-A7-9_S49,49-PL1-A7-9_S49_L001_R1_001_noPrimers.fastq.gz,62980,53076,51715,49165,47903,47333
5-PL1-E1-62_S5,5-PL1-E1-62_S5,5-PL1-E1-62_S5_L001_R1_001_noPrimers.fastq.gz,38574,32945,32208,30778,30609,29579
50-PL1-B7-27_S50,50-PL1-B7-27_S50,50-PL1-B7-27_S50_L001_R1_001_noPrimers.fastq.gz,12688,10724,10284,9435,9429,9422
51-PL1-C7-43_S51,51-PL1-C7-43_S51,51-PL1-C7-43_S51_L001_R1_001_noPrimers.fastq.gz,50944,44556,42962,40423,40421,39770
52-PL1-D7-56_S52,52-PL1-D7-56_S52,52-PL1-D7-56_S52_L001_R1_001_noPrimers.fastq.gz,43544,38400,38039,37282,28096,27893
53-PL1-E7-68_S53,53-PL1-E7-68_S53,53-PL1-E7-68_S53_L001_R1_001_noPrimers.fastq.gz,34592,29584,28676,27039,26884,26708
54-PL1-F7-81_S54,54-PL1-F7-81_S54,54-PL1-F7-81_S54_L001_R1_001_noPrimers.fastq.gz,19248,15936,15710,15177,15140,15124
55-PL1-G7-94_S55,55-PL1-G7-94_S55,55-PL1-G7-94_S55_L001_R1_001_noPrimers.fastq.gz,34395,30666,30501,29942,19718,19506
56-PL1-H7-106_S56,56-PL1-H7-106_S56,56-PL1-H7-106_S56_L001_R1_001_noPrimers.fastq.gz,24514,20380,20068,19386,19371,19335
57-PL1-A8-10_S57,57-PL1-A8-10_S57,57-PL1-A8-10_S57_L001_R1_001_noPrimers.fastq.gz,30210,26642,26482,25884,17471,17203
58-PL1-B8-29_S58,58-PL1-B8-29_S58,58-PL1-B8-29_S58_L001_R1_001_noPrimers.fastq.gz,25998,22095,21039,19065,19055,18984
59-PL1-C8-44_S59,59-PL1-C8-44_S59,59-PL1-C8-44_S59_L001_R1_001_noPrimers.fastq.gz,38770,33555,32215,29622,29608,29462
6-PL1-F1-74_S6,6-PL1-F1-74_S6,6-PL1-F1-74_S6_L001_R1_001_noPrimers.fastq.gz,46431,40468,40142,39210,27380,27024
60-PL1-D8-57_S60,60-PL1-D8-57_S60,60-PL1-D8-57_S60_L001_R1_001_noPrimers.fastq.gz,14634,12983,12924,12732,9599,9590
61-PL1-E8-69_S61,61-PL1-E8-69_S61,61-PL1-E8-69_S61_L001_R1_001_noPrimers.fastq.gz,17325,14652,14309,13688,13445,13405
62-PL1-F8-82_S62,62-PL1-F8-82_S62,62-PL1-F8-82_S62_L001_R1_001_noPrimers.fastq.gz,34952,28515,27901,26320,26078,25770
63-PL1-G8-95_S63,63-PL1-G8-95_S63,63-PL1-G8-95_S63_L001_R1_001_noPrimers.fastq.gz,33521,28024,27524,26246,26162,25585
64-PL1-H8-107_S64,64-PL1-H8-107_S64,64-PL1-H8-107_S64_L001_R1_001_noPrimers.fastq.gz,3386,2808,2745,2570,2557,2554
65-PL1-A9-12_S65,65-PL1-A9-12_S65,65-PL1-A9-12_S65_L001_R1_001_noPrimers.fastq.gz,40938,34854,33862,32223,31762,31449
66-PL1-B9-30_S66,66-PL1-B9-30_S66,66-PL1-B9-30_S66_L001_R1_001_noPrimers.fastq.gz,19070,16577,15858,14845,14841,14777
67-PL1-C9-46_S67,67-PL1-C9-46_S67,67-PL1-C9-46_S67_L001_R1_001_noPrimers.fastq.gz,276,180,161,126,123,123
68-PL1-D9-58_S68,68-PL1-D9-58_S68,68-PL1-D9-58_S68_L001_R1_001_noPrimers.fastq.gz,47030,39719,38586,36656,36289,36014
69-PL1-E9-70_S69,69-PL1-E9-70_S69,69-PL1-E9-70_S69_L001_R1_001_noPrimers.fastq.gz,49641,41625,40735,38527,38019,37287
7-PL1-G1-88_S7,7-PL1-G1-88_S7,7-PL1-G1-88_S7_L001_R1_001_noPrimers.fastq.gz,35461,30682,29873,28658,27548,27358
70-PL1-F9-83_S70,70-PL1-F9-83_S70,70-PL1-F9-83_S70_L001_R1_001_noPrimers.fastq.gz,49560,40753,39808,37441,36978,36348
71-PL1-G9-96_S71,71-PL1-G9-96_S71,71-PL1-G9-96_S71_L001_R1_001_noPrimers.fastq.gz,29396,25648,24877,23757,22626,22537
72-PL1-H9-108_S72,72-PL1-H9-108_S72,72-PL1-H9-108_S72_L001_R1_001_noPrimers.fastq.gz,37549,29911,29715,29201,29195,28323
73-PL1-A10-13_S73,73-PL1-A10-13_S73,73-PL1-A10-13_S73_L001_R1_001_noPrimers.fastq.gz,43226,36244,34827,32809,32320,32148
74-PL1-B10-31_S74,74-PL1-B10-31_S74,74-PL1-B10-31_S74_L001_R1_001_noPrimers.fastq.gz,8251,6946,6706,6212,6212,6210
75-PL1-C10-47_S75,75-PL1-C10-47_S75,75-PL1-C10-47_S75_L001_R1_001_noPrimers.fastq.gz,1330,1087,1021,895,876,876
76-PL1-D10-59_S76,76-PL1-D10-59_S76,76-PL1-D10-59_S76_L001_R1_001_noPrimers.fastq.gz,40898,34905,33837,31557,31464,31306
77-PL1-E10-71_S77,77-PL1-E10-71_S77,77-PL1-E10-71_S77_L001_R1_001_noPrimers.fastq.gz,23269,19767,19291,18123,18089,17998
78-PL1-F10-84_S78,78-PL1-F10-84_S78,78-PL1-F10-84_S78_L001_R1_001_noPrimers.fastq.gz,41344,34663,33688,31617,31487,31293
79-PL1-G10-97_S79,79-PL1-G10-97_S79,79-PL1-G10-97_S79_L001_R1_001_noPrimers.fastq.gz,26962,23169,22420,21246,21115,21039
8-PL1-H1-199_S8,8-PL1-H1-199_S8,8-PL1-H1-199_S8_L001_R1_001_noPrimers.fastq.gz,9589,7989,7805,7354,7280,7273
80-PL1-H10-109_S80,80-PL1-H10-109_S80,80-PL1-H10-109_S80_L001_R1_001_noPrimers.fastq.gz,34200,25212,24850,23968,23936,23512
81-PL1-A11-14_S81,81-PL1-A11-14_S81,81-PL1-A11-14_S81_L001_R1_001_noPrimers.fastq.gz,31136,26395,25653,24338,24080,23975
82-PL1-B11-33_S82,82-PL1-B11-33_S82,82-PL1-B11-33_S82_L001_R1_001_noPrimers.fastq.gz,31011,26821,25776,23583,23563,23489
83-PL1-C11-48_S83,83-PL1-C11-48_S83,83-PL1-C11-48_S83_L001_R1_001_noPrimers.fastq.gz,6917,5943,5689,5075,5075,5075
84-PL1-D11-60_S84,84-PL1-D11-60_S84,84-PL1-D11-60_S84_L001_R1_001_noPrimers.fastq.gz,17366,14961,14632,13898,13749,13693
85-PL1-E11-72_S85,85-PL1-E11-72_S85,85-PL1-E11-72_S85_L001_R1_001_noPrimers.fastq.gz,43636,36397,35497,33512,33022,32846
86-PL1-F11-85_S86,86-PL1-F11-85_S86,86-PL1-F11-85_S86_L001_R1_001_noPrimers.fastq.gz,46743,38819,37785,35797,34388,34102
87-PL1-G11-98_S87,87-PL1-G11-98_S87,87-PL1-G11-98_S87_L001_R1_001_noPrimers.fastq.gz,37425,31838,30409,28422,28325,28173
88-PL1-H11-110_S88,88-PL1-H11-110_S88,88-PL1-H11-110_S88_L001_R1_001_noPrimers.fastq.gz,48546,40818,39691,38144,37934,37089
89-PL1-A12-15_S89,89-PL1-A12-15_S89,89-PL1-A12-15_S89_L001_R1_001_noPrimers.fastq.gz,38535,32714,31887,30247,29834,29699
9-PL1-A2-3_S9,9-PL1-A2-3_S9,9-PL1-A2-3_S9_L001_R1_001_noPrimers.fastq.gz,24884,21311,20808,19828,19060,19015
90-PL1-B12-34_S90,90-PL1-B12-34_S90,90-PL1-B12-34_S90_L001_R1_001_noPrimers.fastq.gz,40512,34187,32837,30298,30261,30107
91-PL1-C12-49_S91,91-PL1-C12-49_S91,91-PL1-C12-49_S91_L001_R1_001_noPrimers.fastq.gz,9920,8510,8260,7543,7539,7489
92-PL1-D12-61_S92,92-PL1-D12-61_S92,92-PL1-D12-61_S92_L001_R1_001_noPrimers.fastq.gz,40935,36165,35815,34949,22297,22025
93-PL1-E12-73_S93,93-PL1-E12-73_S93,93-PL1-E12-73_S93_L001_R1_001_noPrimers.fastq.gz,40858,33455,32678,30607,30397,29655
94-PL1-F12-86_S94,94-PL1-F12-86_S94,94-PL1-F12-86_S94_L001_R1_001_noPrimers.fastq.gz,33548,29768,29570,28918,23805,23561
95-PL1-G12-99_S95,95-PL1-G12-99_S95,95-PL1-G12-99_S95_L001_R1_001_noPrimers.fastq.gz,47385,40128,38810,36751,35424,35147
96-PL1-H12-111_S96,96-PL1-H12-111_S96,96-PL1-H12-111_S96_L001_R1_001_noPrimers.fastq.gz,45826,38846,37365,35330,35154,34916
97-PL2-A1-112_S97,97-PL2-A1-112_S97,97-PL2-A1-112_S97_L001_R1_001_noPrimers.fastq.gz,42502,35808,35076,32677,32071,31951
98-PL2-B1-124_S98,98-PL2-B1-124_S98,98-PL2-B1-124_S98_L001_R1_001_noPrimers.fastq.gz,42260,33922,33485,31729,31453,30721
99-PL2-C1-136_S99,99-PL2-C1-136_S99,99-PL2-C1-136_S99_L001_R1_001_noPrimers.fastq.gz,69835,58678,57147,54261,47157,46782
PL3-C6-NEG-1_S210,PL3-C6-NEG-1_S210,PL3-C6-NEG-1_S210_L001_R1_001_noPrimers.fastq.gz,27,9,5,3,3,3
PL3-C7-NEG-2_S213,PL3-C7-NEG-2_S213,PL3-C7-NEG-2_S213_L001_R1_001_noPrimers.fastq.gz,19,4,3,2,2,2
PL3-C8-NEG-3_S216,PL3-C8-NEG-3_S216,PL3-C8-NEG-3_S216_L001_R1_001_noPrimers.fastq.gz,17,6,5,1,1,1
