Sample_name	Read1_file	Input	Filtered	Denoised	Merged	Tabled	Nonchim
1-PL1-A1-2_S1	1-PL1-A1-2_S1_L001_R1_001_noPrimers.fastq.gz	47208	30560	30447	29088	29088	27452
10-PL1-B2-17_S10	10-PL1-B2-17_S10_L001_R1_001_noPrimers.fastq.gz	31046	11470	11320	10142	10142	9953
100-PL2-D1-148_S130	100-PL2-D1-148_S130_L001_R1_001_noPrimers.fastq.gz	38698	15862	15746	13917	13917	13877
101-PL2-E1-162_S131	101-PL2-E1-162_S131_L001_R1_001_noPrimers.fastq.gz	22700	13055	12953	12063	12063	12035
102-PL2-F1-174_S132	102-PL2-F1-174_S132_L001_R1_001_noPrimers.fastq.gz	57035	32807	32694	26725	26725	25572
103-PL2-G1-186_S133	103-PL2-G1-186_S133_L001_R1_001_noPrimers.fastq.gz	51527	20582	20410	17891	17891	17676
104-PL2-H1-198_S134	104-PL2-H1-198_S134_L001_R1_001_noPrimers.fastq.gz	62767	25550	25349	17637	17637	17102
105-PL2-A2-113_S135	105-PL2-A2-113_S135_L001_R1_001_noPrimers.fastq.gz	43785	18466	18334	16912	16912	16520
106-PL2-B2-125_S136	106-PL2-B2-125_S136_L001_R1_001_noPrimers.fastq.gz	25663	13384	13215	11883	11883	11812
107-PL2-C2-137_S137	107-PL2-C2-137_S137_L001_R1_001_noPrimers.fastq.gz	29419	16001	15955	13889	13889	13536
108-PL2-D2-149_S138	108-PL2-D2-149_S138_L001_R1_001_noPrimers.fastq.gz	29008	9734	9621	8983	8983	8983
109-PL2-E2-163_S139	109-PL2-E2-163_S139_L001_R1_001_noPrimers.fastq.gz	90838	43208	42988	36723	36723	35436
11-PL1-C2-36_S11	11-PL1-C2-36_S11_L001_R1_001_noPrimers.fastq.gz	35084	21767	21516	19945	19945	19652
110-PL2-F2-175_S140	110-PL2-F2-175_S140_L001_R1_001_noPrimers.fastq.gz	47206	29667	29471	25177	25177	24014
111-PL2-G2-187_S141	111-PL2-G2-187_S141_L001_R1_001_noPrimers.fastq.gz	45671	26215	25970	23674	23674	23438
112-PL2-H2-199_S142	112-PL2-H2-199_S142_L001_R1_001_noPrimers.fastq.gz	21021	9331	9112	8142	8142	8142
113-PL2-A3-114_S143	113-PL2-A3-114_S143_L001_R1_001_noPrimers.fastq.gz	41055	23859	23721	20967	20967	20840
114-PL2-B3-126_S144	114-PL2-B3-126_S144_L001_R1_001_noPrimers.fastq.gz	34982	6487	6371	6125	6125	6013
115-PL2-C3-138_S145	115-PL2-C3-138_S145_L001_R1_001_noPrimers.fastq.gz	40020	17631	17482	16419	16419	15987
116-PL2-D3-152_S146	116-PL2-D3-152_S146_L001_R1_001_noPrimers.fastq.gz	44801	24017	23791	21384	21384	20915
117-PL2-E3-164_S147	117-PL2-E3-164_S147_L001_R1_001_noPrimers.fastq.gz	50898	36952	36846	35340	35340	34050
118-PL2-F3-176_S148	118-PL2-F3-176_S148_L001_R1_001_noPrimers.fastq.gz	39184	8814	8660	8341	8341	8096
119-PL2-G3-188_S149	119-PL2-G3-188_S149_L001_R1_001_noPrimers.fastq.gz	41580	15348	15066	14040	14040	13461
12-PL1-D2-51_S12	12-PL1-D2-51_S12_L001_R1_001_noPrimers.fastq.gz	17634	6950	6849	6329	6329	6327
120-PL2-H3-200_S150	120-PL2-H3-200_S150_L001_R1_001_noPrimers.fastq.gz	58079	28029	27889	27371	27371	26537
121-PL2-A4-115_S151	121-PL2-A4-115_S151_L001_R1_001_noPrimers.fastq.gz	44474	19940	19860	19239	19239	18720
122-PL2-B4-127_S152	122-PL2-B4-127_S152_L001_R1_001_noPrimers.fastq.gz	27613	11588	11503	7634	7634	7459
123-PL2-C4-139_S153	123-PL2-C4-139_S153_L001_R1_001_noPrimers.fastq.gz	35214	13637	13499	12860	12860	12514
124-PL2-D4-153_S154	124-PL2-D4-153_S154_L001_R1_001_noPrimers.fastq.gz	48689	30087	29763	28342	28342	27916
125-PL2-E4-165_S155	125-PL2-E4-165_S155_L001_R1_001_noPrimers.fastq.gz	23342	17064	16951	16190	16190	16190
126-PL2-F4-NEG_S156	126-PL2-F4-NEG_S156_L001_R1_001_noPrimers.fastq.gz	268	78	57	52	52	52
127-PL2-G4-189_S157	127-PL2-G4-189_S157_L001_R1_001_noPrimers.fastq.gz	44832	25814	25625	23605	23605	22958
128-PL2-H4-201_S158	128-PL2-H4-201_S158_L001_R1_001_noPrimers.fastq.gz	40284	12645	12512	9134	9134	9098
129-PL2-A5-116_S159	129-PL2-A5-116_S159_L001_R1_001_noPrimers.fastq.gz	52763	32577	32393	29666	29666	29341
13-PL1-E2-63_S13	13-PL1-E2-63_S13_L001_R1_001_noPrimers.fastq.gz	44982	24714	24516	23915	23915	23570
130-PL2-B5-128_S160	130-PL2-B5-128_S160_L001_R1_001_noPrimers.fastq.gz	24871	12539	12423	12021	12021	12017
131-PL2-C5-140_S161	131-PL2-C5-140_S161_L001_R1_001_noPrimers.fastq.gz	51489	27936	27626	25332	25332	25135
132-PL2-D5-154_S162	132-PL2-D5-154_S162_L001_R1_001_noPrimers.fastq.gz	50297	33425	33182	31622	31622	30237
133-PL2-E5-166_S163	133-PL2-E5-166_S163_L001_R1_001_noPrimers.fastq.gz	47264	29928	29838	18528	18528	17423
134-PL2-F5-178_S164	134-PL2-F5-178_S164_L001_R1_001_noPrimers.fastq.gz	52458	23559	23425	22537	22537	21060
135-PL2-G5-190_S165	135-PL2-G5-190_S165_L001_R1_001_noPrimers.fastq.gz	42335	18585	18353	17414	17414	17284
136-PL2-H5-202_S166	136-PL2-H5-202_S166_L001_R1_001_noPrimers.fastq.gz	37421	18202	18099	15103	15103	14531
137-PL2-A6-117_S167	137-PL2-A6-117_S167_L001_R1_001_noPrimers.fastq.gz	46340	17103	17050	12569	12569	12443
138-PL2-B6-129_S168	138-PL2-B6-129_S168_L001_R1_001_noPrimers.fastq.gz	51044	34572	34409	33897	33897	32231
139-PL2-C6-141_S169	139-PL2-C6-141_S169_L001_R1_001_noPrimers.fastq.gz	50951	27337	26997	23987	23987	23716
14-PL1-F2-75_S14	14-PL1-F2-75_S14_L001_R1_001_noPrimers.fastq.gz	40850	27937	27748	26614	26614	25984
140-PL2-D6-155_S170	140-PL2-D6-155_S170_L001_R1_001_noPrimers.fastq.gz	45592	12979	12797	12138	12138	11936
141-PL2-E6-167_S171	141-PL2-E6-167_S171_L001_R1_001_noPrimers.fastq.gz	52101	36463	36339	35607	35607	34990
142-PL2-F6-179_S172	142-PL2-F6-179_S172_L001_R1_001_noPrimers.fastq.gz	56569	20819	20699	16818	16818	16057
143-PL2-G6-191_S173	143-PL2-G6-191_S173_L001_R1_001_noPrimers.fastq.gz	43397	20358	20224	19620	19620	19496
144-PL2-H6-203_S174	144-PL2-H6-203_S174_L001_R1_001_noPrimers.fastq.gz	22148	9540	9506	2489	2489	2489
145-PL2-A7-118_S175	145-PL2-A7-118_S175_L001_R1_001_noPrimers.fastq.gz	51344	27536	27445	27101	27101	26252
146-PL2-B7-130_S176	146-PL2-B7-130_S176_L001_R1_001_noPrimers.fastq.gz	52640	30536	30389	27403	27403	26560
147-PL2-C7-142_S177	147-PL2-C7-142_S177_L001_R1_001_noPrimers.fastq.gz	62925	29295	29125	28524	28524	27329
148-PL2-D7-156_S178	148-PL2-D7-156_S178_L001_R1_001_noPrimers.fastq.gz	27037	17922	17799	17476	17476	17217
149-PL2-E7-168_S179	149-PL2-E7-168_S179_L001_R1_001_noPrimers.fastq.gz	78253	34449	34218	30509	30509	29806
15-PL1-G2-89_S15	15-PL1-G2-89_S15_L001_R1_001_noPrimers.fastq.gz	32099	10537	10414	9388	9388	9345
150-PL2-F7-180_S180	150-PL2-F7-180_S180_L001_R1_001_noPrimers.fastq.gz	66667	31269	30947	29016	29016	27494
151-PL2-G7-192_S181	151-PL2-G7-192_S181_L001_R1_001_noPrimers.fastq.gz	66938	34688	34432	31497	31497	30813
152-PL2-H7-204_S182	152-PL2-H7-204_S182_L001_R1_001_noPrimers.fastq.gz	54182	23740	23582	21253	21253	19508
153-PL2-A8-119_S183	153-PL2-A8-119_S183_L001_R1_001_noPrimers.fastq.gz	60853	32091	31871	28905	28905	28041
154-PL2-B8-131_S184	154-PL2-B8-131_S184_L001_R1_001_noPrimers.fastq.gz	184	5	2	0	0	0
155-PL2-C8-143_S185	155-PL2-C8-143_S185_L001_R1_001_noPrimers.fastq.gz	33537	16588	16482	15219	15219	14985
156-PL2-D8-157_S186	156-PL2-D8-157_S186_L001_R1_001_noPrimers.fastq.gz	33785	12087	11964	10924	10924	10678
157-PL2-E8-169_S187	157-PL2-E8-169_S187_L001_R1_001_noPrimers.fastq.gz	45697	28893	28775	27789	27789	27031
158-PL2-F8-181_S188	158-PL2-F8-181_S188_L001_R1_001_noPrimers.fastq.gz	44475	31537	31291	30213	30213	27653
159-PL2-G8-193_S189	159-PL2-G8-193_S189_L001_R1_001_noPrimers.fastq.gz	35469	13103	12953	12170	12170	11656
16-PL1-H2-101_S16	16-PL1-H2-101_S16_L001_R1_001_noPrimers.fastq.gz	31133	14062	13905	13601	13601	13500
160-PL2-H8-205_S190	160-PL2-H8-205_S190_L001_R1_001_noPrimers.fastq.gz	197	10	5	3	3	3
161-PL2-A9-120_S191	161-PL2-A9-120_S191_L001_R1_001_noPrimers.fastq.gz	44998	20230	20177	17091	17091	16563
162-PL2-B9-132_S192	162-PL2-B9-132_S192_L001_R1_001_noPrimers.fastq.gz	47658	13700	13584	12367	12367	11763
163-PL2-C9-144_S193	163-PL2-C9-144_S193_L001_R1_001_noPrimers.fastq.gz	44267	14983	14787	13664	13664	13578
164-PL2-D9-158_S194	164-PL2-D9-158_S194_L001_R1_001_noPrimers.fastq.gz	42906	23901	23606	21382	21382	20923
165-PL2-E9-170_S195	165-PL2-E9-170_S195_L001_R1_001_noPrimers.fastq.gz	49854	15867	15744	14541	14541	13972
166-PL2-F9-182_S196	166-PL2-F9-182_S196_L001_R1_001_noPrimers.fastq.gz	51899	31549	31247	28322	28322	28060
167-PL2-G9-194_S197	167-PL2-G9-194_S197_L001_R1_001_noPrimers.fastq.gz	30796	10975	10846	9231	9231	9228
168-PL2-H9-206_S198	168-PL2-H9-206_S198_L001_R1_001_noPrimers.fastq.gz	35936	10648	10508	8695	8695	8437
169-PL2-A10-121_S199	169-PL2-A10-121_S199_L001_R1_001_noPrimers.fastq.gz	39960	11414	11370	8399	8399	8113
17-PL1-A3-4_S17	17-PL1-A3-4_S17_L001_R1_001_noPrimers.fastq.gz	53048	32749	32459	30684	30684	29690
170-PL2-B10-133_S200	170-PL2-B10-133_S200_L001_R1_001_noPrimers.fastq.gz	33747	13507	13410	13200	13200	13144
171-PL2-C10-145_S201	171-PL2-C10-145_S201_L001_R1_001_noPrimers.fastq.gz	42096	20176	20139	20075	20075	19028
172-PL2-D10-159_S202	172-PL2-D10-159_S202_L001_R1_001_noPrimers.fastq.gz	57242	27507	27235	24583	24583	24503
173-PL2-E10-171_S203	173-PL2-E10-171_S203_L001_R1_001_noPrimers.fastq.gz	47214	14704	14529	11818	11818	11700
174-PL2-F10-183_S204	174-PL2-F10-183_S204_L001_R1_001_noPrimers.fastq.gz	35563	14973	14770	13332	13332	13176
175-PL2-G10-195_S205	175-PL2-G10-195_S205_L001_R1_001_noPrimers.fastq.gz	37489	14511	14389	12885	12885	12788
176-PL2-H10-207_S206	176-PL2-H10-207_S206_L001_R1_001_noPrimers.fastq.gz	42279	15842	15700	13983	13983	13864
177-PL2-A11-122_S207	177-PL2-A11-122_S207_L001_R1_001_noPrimers.fastq.gz	33486	9731	9660	7073	7073	6997
178-PL2-B11-134_S208	178-PL2-B11-134_S208_L001_R1_001_noPrimers.fastq.gz	29033	15775	15679	14336	14336	14223
179-PL2-C11-146_S209	179-PL2-C11-146_S209_L001_R1_001_noPrimers.fastq.gz	50867	24870	24705	22419	22419	22163
18-PL1-B3-18_S18	18-PL1-B3-18_S18_L001_R1_001_noPrimers.fastq.gz	42990	18996	18948	16407	16407	15511
180-PL2-D11-160_S210	180-PL2-D11-160_S210_L001_R1_001_noPrimers.fastq.gz	60015	31566	31300	27878	27878	27408
181-PL2-E11-172_S211	181-PL2-E11-172_S211_L001_R1_001_noPrimers.fastq.gz	38132	19181	19137	17512	17512	17231
182-PL2-F11-184_S212	182-PL2-F11-184_S212_L001_R1_001_noPrimers.fastq.gz	48463	20612	20393	17903	17903	17630
183-PL2-G11-196_S213	183-PL2-G11-196_S213_L001_R1_001_noPrimers.fastq.gz	50385	25915	25849	24749	24749	23044
184-PL2-H11-208_S214	184-PL2-H11-208_S214_L001_R1_001_noPrimers.fastq.gz	52661	29573	29282	26508	26508	26336
185-PL2-A12-NEG_S215	185-PL2-A12-NEG_S215_L001_R1_001_noPrimers.fastq.gz	299	9	2	0	0	0
186-PL2-B12-135_S216	186-PL2-B12-135_S216_L001_R1_001_noPrimers.fastq.gz	59446	35956	35663	33829	33829	33308
187-PL2-C12-147_S217	187-PL2-C12-147_S217_L001_R1_001_noPrimers.fastq.gz	58558	34011	33648	31251	31251	30652
188-PL2-D12-161_S218	188-PL2-D12-161_S218_L001_R1_001_noPrimers.fastq.gz	58331	33122	32927	30890	30890	30440
189-PL2-E12-173_S219	189-PL2-E12-173_S219_L001_R1_001_noPrimers.fastq.gz	30758	13344	13248	11235	11235	11210
19-PL1-C3-37_S19	19-PL1-C3-37_S19_L001_R1_001_noPrimers.fastq.gz	59367	37549	37076	33794	33794	33560
190-PL2-F12-185_S220	190-PL2-F12-185_S220_L001_R1_001_noPrimers.fastq.gz	55517	20565	20460	18181	18181	17209
191-PL2-G12-197_S221	191-PL2-G12-197_S221_L001_R1_001_noPrimers.fastq.gz	76982	44529	44294	38714	38714	37619
192-PL2-H12-209_S222	192-PL2-H12-209_S222_L001_R1_001_noPrimers.fastq.gz	49225	21644	21522	20290	20290	19094
193-PL3-A1-210_S97	193-PL3-A1-210_S97_L001_R1_001_noPrimers.fastq.gz	65710	16286	16190	15393	15393	14523
194-PL3-B1-222_S98	194-PL3-B1-222_S98_L001_R1_001_noPrimers.fastq.gz	52302	29367	29145	27605	27605	27255
195-PL3-C1-234_S99	195-PL3-C1-234_S99_L001_R1_001_noPrimers.fastq.gz	88777	50714	50308	45357	45357	44293
2-PL1-B1-16_S2	2-PL1-B1-16_S2_L001_R1_001_noPrimers.fastq.gz	45380	18754	18473	17610	17610	17445
20-PL1-D3-52_S20	20-PL1-D3-52_S20_L001_R1_001_noPrimers.fastq.gz	20867	8239	8123	7664	7664	7647
201-PL3-A2-211_S100	201-PL3-A2-211_S100_L001_R1_001_noPrimers.fastq.gz	58118	33663	33433	31552	31552	30929
202-PL3-B2-223_S101	202-PL3-B2-223_S101_L001_R1_001_noPrimers.fastq.gz	56956	39881	39726	38618	38618	36955
203-PL3-C2-235_S102	203-PL3-C2-235_S102_L001_R1_001_noPrimers.fastq.gz	24552	10025	9901	7804	7804	7790
209-PL3-A3-212_S103	209-PL3-A3-212_S103_L001_R1_001_noPrimers.fastq.gz	74919	33307	33041	30247	30247	29529
21-PL1-E3-64_S21	21-PL1-E3-64_S21_L001_R1_001_noPrimers.fastq.gz	54823	33551	33329	30565	30565	29958
210-PL3-B3-224_S104	210-PL3-B3-224_S104_L001_R1_001_noPrimers.fastq.gz	69352	37802	37509	34388	34388	33729
211-PL3-C3-236_S105	211-PL3-C3-236_S105_L001_R1_001_noPrimers.fastq.gz	100139	30787	30427	28226	28226	26932
217-PL3-A4-213_S106	217-PL3-A4-213_S106_L001_R1_001_noPrimers.fastq.gz	52951	27175	27055	21256	21256	20685
218-PL3-B4-225_S107	218-PL3-B4-225_S107_L001_R1_001_noPrimers.fastq.gz	44843	22735	22602	14464	14464	14052
219-PL3-C4-237_S108	219-PL3-C4-237_S108_L001_R1_001_noPrimers.fastq.gz	88605	36483	36201	30867	30867	29187
22-PL1-F3-76_S22	22-PL1-F3-76_S22_L001_R1_001_noPrimers.fastq.gz	49098	24520	24276	23352	23352	23049
225-PL3-A5-214_S109	225-PL3-A5-214_S109_L001_R1_001_noPrimers.fastq.gz	52526	36889	36792	23147	23147	22268
226-PL3-B5-226_S110	226-PL3-B5-226_S110_L001_R1_001_noPrimers.fastq.gz	35577	15419	15367	12086	12086	11849
227-PL3-C5-238_S111	227-PL3-C5-238_S111_L001_R1_001_noPrimers.fastq.gz	61080	18076	17969	16838	16838	15788
23-PL1-G3-90_S23	23-PL1-G3-90_S23_L001_R1_001_noPrimers.fastq.gz	132	14	5	0	0	0
233-PL3-A6-215_S112	233-PL3-A6-215_S112_L001_R1_001_noPrimers.fastq.gz	59281	27793	27713	24839	24839	21808
234-PL3-B6-227_S113	234-PL3-B6-227_S113_L001_R1_001_noPrimers.fastq.gz	56677	30534	30243	25543	25543	25497
235-PL3-C6-NEG_S114	235-PL3-C6-NEG_S114_L001_R1_001_noPrimers.fastq.gz	62	21	20	20	20	20
24-PL1-H3-102_S24	24-PL1-H3-102_S24_L001_R1_001_noPrimers.fastq.gz	47602	21919	21705	20530	20530	20210
241-PL3-A7-216_S115	241-PL3-A7-216_S115_L001_R1_001_noPrimers.fastq.gz	75293	16958	16836	15505	15505	14889
242-PL3-B7-228_S116	242-PL3-B7-228_S116_L001_R1_001_noPrimers.fastq.gz	55928	32280	32020	28250	28250	28060
249-PL3-A8-217_S117	249-PL3-A8-217_S117_L001_R1_001_noPrimers.fastq.gz	72360	14817	14530	13270	13270	12849
25-PL1-A4-5_S25	25-PL1-A4-5_S25_L001_R1_001_noPrimers.fastq.gz	42470	19996	19821	17258	17258	17047
250-PL3-B8-229_S118	250-PL3-B8-229_S118_L001_R1_001_noPrimers.fastq.gz	67058	26056	25792	23842	23842	23028
257-PL3-A9-218_S119	257-PL3-A9-218_S119_L001_R1_001_noPrimers.fastq.gz	86984	62331	62100	52733	52733	50532
258-PL3-B9-230_S120	258-PL3-B9-230_S120_L001_R1_001_noPrimers.fastq.gz	36595	12058	11880	10787	10787	10772
26-PL1-B4-19_S26	26-PL1-B4-19_S26_L001_R1_001_noPrimers.fastq.gz	33631	16723	16619	14639	14639	14060
265-PL3-A10-219_S121	265-PL3-A10-219_S121_L001_R1_001_noPrimers.fastq.gz	85	4	2	0	0	0
266-PL3-B10-231_S122	266-PL3-B10-231_S122_L001_R1_001_noPrimers.fastq.gz	58170	31495	31198	28396	28396	28042
27-PL1-C4-40_S27	27-PL1-C4-40_S27_L001_R1_001_noPrimers.fastq.gz	23597	10003	9893	8388	8388	8384
273-PL3-A11-220_S123	273-PL3-A11-220_S123_L001_R1_001_noPrimers.fastq.gz	60575	24308	24115	21942	21942	21590
274-PL3-B11-232_S124	274-PL3-B11-232_S124_L001_R1_001_noPrimers.fastq.gz	53949	28984	28834	25831	25831	24565
28-PL1-D4-53_S28	28-PL1-D4-53_S28_L001_R1_001_noPrimers.fastq.gz	45858	26002	25679	21479	21479	21156
281-PL3-A12-221_S125	281-PL3-A12-221_S125_L001_R1_001_noPrimers.fastq.gz	73109	33062	32905	28976	28976	26944
282-PL3-B12-233_S126	282-PL3-B12-233_S126_L001_R1_001_noPrimers.fastq.gz	85897	51042	50414	42354	42354	40037
29-PL1-E4-65_S29	29-PL1-E4-65_S29_L001_R1_001_noPrimers.fastq.gz	14211	1630	1549	1383	1383	1373
3-PL1-C1-35_S3	3-PL1-C1-35_S3_L001_R1_001_noPrimers.fastq.gz	50320	29526	29272	26992	26992	26884
30-PL1-F4-77_S30	30-PL1-F4-77_S30_L001_R1_001_noPrimers.fastq.gz	52436	28463	28179	25344	25344	25071
31-PL1-G4-91_S31	31-PL1-G4-91_S31_L001_R1_001_noPrimers.fastq.gz	42171	25755	25557	23517	23517	22407
32-PL1-H4-103_S32	32-PL1-H4-103_S32_L001_R1_001_noPrimers.fastq.gz	40154	18035	17764	16643	16643	16633
33-PL1-A5-7_S33	33-PL1-A5-7_S33_L001_R1_001_noPrimers.fastq.gz	49860	31470	31286	29752	29752	29147
34-PL1-B5-20_S34	34-PL1-B5-20_S34_L001_R1_001_noPrimers.fastq.gz	47299	23950	23611	20526	20526	20409
35-PL1-C5-41_S35	35-PL1-C5-41_S35_L001_R1_001_noPrimers.fastq.gz	53229	26483	26030	22739	22739	22713
36-PL1-D5-54_S36	36-PL1-D5-54_S36_L001_R1_001_noPrimers.fastq.gz	60883	38632	38284	35985	35985	35518
37-PL1-E5-66_S37	37-PL1-E5-66_S37_L001_R1_001_noPrimers.fastq.gz	52392	26579	26181	23836	23836	23580
38-PL1-F5-78_S38	38-PL1-F5-78_S38_L001_R1_001_noPrimers.fastq.gz	63611	38152	37786	31514	31514	30938
39-PL1-G5-92_S39	39-PL1-G5-92_S39_L001_R1_001_noPrimers.fastq.gz	12786	7091	7038	4920	4920	4882
4-PL1-D1-50_S4	4-PL1-D1-50_S4_L001_R1_001_noPrimers.fastq.gz	30089	11683	11462	10747	10747	10719
40-PL1-H5-104_S40	40-PL1-H5-104_S40_L001_R1_001_noPrimers.fastq.gz	50544	32396	32145	29337	29337	29155
41-PL1-A6-8_S41	41-PL1-A6-8_S41_L001_R1_001_noPrimers.fastq.gz	65062	37206	36879	30227	30227	28104
42-PL1-B6-21_S42	42-PL1-B6-21_S42_L001_R1_001_noPrimers.fastq.gz	51207	24921	24615	21399	21399	21243
43-PL1-C6-42_S43	43-PL1-C6-42_S43_L001_R1_001_noPrimers.fastq.gz	60848	26400	26213	23299	23299	23043
44-PL1-D6-55_S44	44-PL1-D6-55_S44_L001_R1_001_noPrimers.fastq.gz	61765	38129	37793	32765	32765	32427
45-PL1-E6-67_S45	45-PL1-E6-67_S45_L001_R1_001_noPrimers.fastq.gz	48839	22388	22233	20027	20027	18458
46-PL1-F6-80_S46	46-PL1-F6-80_S46_L001_R1_001_noPrimers.fastq.gz	49779	23917	23777	22724	22724	21336
47-PL1-G6-93_S47	47-PL1-G6-93_S47_L001_R1_001_noPrimers.fastq.gz	21428	8045	7937	7516	7516	7490
48-PL1-H6-105_S48	48-PL1-H6-105_S48_L001_R1_001_noPrimers.fastq.gz	50569	19219	18989	15953	15953	15846
49-PL1-A7-9_S49	49-PL1-A7-9_S49_L001_R1_001_noPrimers.fastq.gz	65714	23481	23305	20996	20996	20507
5-PL1-E1-62_S5	5-PL1-E1-62_S5_L001_R1_001_noPrimers.fastq.gz	65110	34197	33815	32683	32683	32066
50-PL1-B7-27_S50	50-PL1-B7-27_S50_L001_R1_001_noPrimers.fastq.gz	36872	19283	19202	16589	16589	16553
51-PL1-C7-43_S51	51-PL1-C7-43_S51_L001_R1_001_noPrimers.fastq.gz	62840	23727	23497	22218	22218	21984
52-PL1-D7-56_S52	52-PL1-D7-56_S52_L001_R1_001_noPrimers.fastq.gz	48337	15873	15781	15338	15338	15157
53-PL1-E7-68_S53	53-PL1-E7-68_S53_L001_R1_001_noPrimers.fastq.gz	55487	25003	24769	23308	23308	23290
54-PL1-F7-81_S54	54-PL1-F7-81_S54_L001_R1_001_noPrimers.fastq.gz	60241	33173	32886	28844	28844	28725
55-PL1-G7-94_S55	55-PL1-G7-94_S55_L001_R1_001_noPrimers.fastq.gz	7766	2460	2410	2129	2129	2129
56-PL1-H7-106_S56	56-PL1-H7-106_S56_L001_R1_001_noPrimers.fastq.gz	53767	30187	30015	26660	26660	26426
57-PL1-A8-10_S57	57-PL1-A8-10_S57_L001_R1_001_noPrimers.fastq.gz	32498	14616	14500	14302	14302	12935
58-PL1-B8-29_S58	58-PL1-B8-29_S58_L001_R1_001_noPrimers.fastq.gz	31055	16981	16680	14324	14324	14271
59-PL1-C8-44_S59	59-PL1-C8-44_S59_L001_R1_001_noPrimers.fastq.gz	44638	28900	28446	26605	26605	26195
6-PL1-F1-74_S6	6-PL1-F1-74_S6_L001_R1_001_noPrimers.fastq.gz	42812	15598	15524	14460	14460	13365
60-PL1-D8-57_S60	60-PL1-D8-57_S60_L001_R1_001_noPrimers.fastq.gz	24218	9730	9693	9382	9382	9226
61-PL1-E8-69_S61	61-PL1-E8-69_S61_L001_R1_001_noPrimers.fastq.gz	35436	17424	17239	14352	14352	14212
62-PL1-F8-82_S62	62-PL1-F8-82_S62_L001_R1_001_noPrimers.fastq.gz	44592	20242	20076	19411	19411	19261
63-PL1-G8-95_S63	63-PL1-G8-95_S63_L001_R1_001_noPrimers.fastq.gz	20611	8240	8160	7890	7890	7864
64-PL1-H8-107_S64	64-PL1-H8-107_S64_L001_R1_001_noPrimers.fastq.gz	27252	8430	8287	7864	7864	7807
65-PL1-A9-12_S65	65-PL1-A9-12_S65_L001_R1_001_noPrimers.fastq.gz	48390	29004	28730	24696	24696	24110
66-PL1-B9-30_S66	66-PL1-B9-30_S66_L001_R1_001_noPrimers.fastq.gz	27755	4441	4370	3250	3250	3248
67-PL1-C9-46_S67	67-PL1-C9-46_S67_L001_R1_001_noPrimers.fastq.gz	13640	4820	4763	4489	4489	4489
68-PL1-D9-58_S68	68-PL1-D9-58_S68_L001_R1_001_noPrimers.fastq.gz	42502	25576	25404	24512	24512	24013
69-PL1-E9-70_S69	69-PL1-E9-70_S69_L001_R1_001_noPrimers.fastq.gz	56775	36827	36534	32628	32628	31619
7-PL1-G1-88_S7	7-PL1-G1-88_S7_L001_R1_001_noPrimers.fastq.gz	48402	21640	21411	19835	19835	19605
70-PL1-F9-83_S70	70-PL1-F9-83_S70_L001_R1_001_noPrimers.fastq.gz	57891	30845	30629	28545	28545	28236
71-PL1-G9-96_S71	71-PL1-G9-96_S71_L001_R1_001_noPrimers.fastq.gz	3163	542	520	343	343	343
72-PL1-H9-108_S72	72-PL1-H9-108_S72_L001_R1_001_noPrimers.fastq.gz	41978	29151	29001	28310	28310	27572
73-PL1-A10-13_S73	73-PL1-A10-13_S73_L001_R1_001_noPrimers.fastq.gz	51147	29494	29257	26599	26599	25983
74-PL1-B10-31_S74	74-PL1-B10-31_S74_L001_R1_001_noPrimers.fastq.gz	29047	6596	6560	6202	6202	6199
75-PL1-C10-47_S75	75-PL1-C10-47_S75_L001_R1_001_noPrimers.fastq.gz	30229	11713	11610	10994	10994	10989
76-PL1-D10-59_S76	76-PL1-D10-59_S76_L001_R1_001_noPrimers.fastq.gz	49418	29753	29360	26304	26304	26227
77-PL1-E10-71_S77	77-PL1-E10-71_S77_L001_R1_001_noPrimers.fastq.gz	48903	29268	28973	26074	26074	25657
78-PL1-F10-84_S78	78-PL1-F10-84_S78_L001_R1_001_noPrimers.fastq.gz	58018	31067	30719	26958	26958	26778
79-PL1-G10-97_S79	79-PL1-G10-97_S79_L001_R1_001_noPrimers.fastq.gz	10284	3421	3342	3112	3112	3112
8-PL1-H1-100_S8	8-PL1-H1-100_S8_L001_R1_001_noPrimers.fastq.gz	41022	14492	14393	13757	13757	13605
80-PL1-H10-109_S80	80-PL1-H10-109_S80_L001_R1_001_noPrimers.fastq.gz	34673	17661	17554	16076	16076	15808
81-PL1-A11-14_S81	81-PL1-A11-14_S81_L001_R1_001_noPrimers.fastq.gz	63319	31847	31561	30646	30646	30357
82-PL1-B11-33_S82	82-PL1-B11-33_S82_L001_R1_001_noPrimers.fastq.gz	52865	29838	29401	26159	26159	26040
83-PL1-C11-48_S83	83-PL1-C11-48_S83_L001_R1_001_noPrimers.fastq.gz	30508	18858	18743	17667	17667	17633
84-PL1-D11-60_S84	84-PL1-D11-60_S84_L001_R1_001_noPrimers.fastq.gz	41146	16639	16503	15870	15870	15703
85-PL1-E11-72_S85	85-PL1-E11-72_S85_L001_R1_001_noPrimers.fastq.gz	56765	25307	25089	21580	21580	21189
86-PL1-F11-85_S86	86-PL1-F11-85_S86_L001_R1_001_noPrimers.fastq.gz	54749	29617	29408	22245	22245	21877
87-PL1-G11-98_S87	87-PL1-G11-98_S87_L001_R1_001_noPrimers.fastq.gz	59102	34718	34324	30721	30721	30502
88-PL1-H11-110_S88	88-PL1-H11-110_S88_L001_R1_001_noPrimers.fastq.gz	46346	19139	19022	10805	10805	10178
89-PL1-A12-15_S89	89-PL1-A12-15_S89_L001_R1_001_noPrimers.fastq.gz	63721	29794	29488	27320	27320	27128
9-PL1-A2-3_S9	9-PL1-A2-3_S9_L001_R1_001_noPrimers.fastq.gz	38502	15404	15208	14288	14288	14123
90-PL1-B12-34_S90	90-PL1-B12-34_S90_L001_R1_001_noPrimers.fastq.gz	45735	23298	22925	21191	21191	20889
91-PL1-C12-49_S91	91-PL1-C12-49_S91_L001_R1_001_noPrimers.fastq.gz	17135	7661	7581	5845	5845	5845
92-PL1-D12-61_S92	92-PL1-D12-61_S92_L001_R1_001_noPrimers.fastq.gz	44558	20568	20440	19561	19561	17346
93-PL1-E12-73_S93	93-PL1-E12-73_S93_L001_R1_001_noPrimers.fastq.gz	52401	20472	20231	15363	15363	15005
94-PL1-F12-86_S94	94-PL1-F12-86_S94_L001_R1_001_noPrimers.fastq.gz	52594	20956	20875	18615	18615	16947
95-PL1-G12-99_S95	95-PL1-G12-99_S95_L001_R1_001_noPrimers.fastq.gz	55031	22702	22572	20608	20608	20334
96-PL1-H12-111_S96	96-PL1-H12-111_S96_L001_R1_001_noPrimers.fastq.gz	56679	31855	31572	29552	29552	28728
97-PL2-A1-112_S127	97-PL2-A1-112_S127_L001_R1_001_noPrimers.fastq.gz	55129	32865	32737	29953	29953	29387
98-PL2-B1-124_S128	98-PL2-B1-124_S128_L001_R1_001_noPrimers.fastq.gz	48680	12482	12319	11979	11979	11217
99-PL2-C1-136_S129	99-PL2-C1-136_S129_L001_R1_001_noPrimers.fastq.gz	58156	29087	28908	27285	27285	26643
